{
  "train_loss": [
    1.1132618336866198,
    0.7680977918583938,
    0.7283863231088176,
    0.7100027827201066,
    0.7009021597679215,
    0.7211341562395546,
    0.7071589420138786,
    0.7013350363431956,
    0.6953725672831841,
    0.6894187179177699
  ],
  "train_acc": [
    87.1807013390156,
    97.77181490542709,
    98.73201273248625,
    99.13450661615764,
    99.40809722989503,
    98.71359797963855,
    99.07400099965801,
    99.20816562754847,
    99.33969957646069,
    99.5843527214374
  ],
  "val_loss": [
    0.7775720655918121,
    0.7384748994372785,
    0.7140071229077876,
    0.6974988123402,
    0.6941692498512566,
    0.7297611911781132,
    0.7036268091760576,
    0.6976387836039066,
    0.6936491667293012,
    0.697569181676954
  ],
  "val_acc": [
    97.36034376918354,
    98.5512584407612,
    98.87047268262738,
    99.39840392879067,
    99.43523634131368,
    97.87599754450584,
    98.88275015346838,
    99.15285451197053,
    99.31246163290362,
    99.17740945365254
  ]
}