{
  "train_loss": [
    2.930147865573231,
    1.234443102230211,
    0.9626278843866343,
    0.8235424180992511,
    0.7229832880804185,
    0.637237042522564,
    0.5583183213609273,
    0.4957671175483896,
    0.4362938621965777,
    0.3939238658973149,
    0.3416515484827907,
    0.31372144405080493,
    0.28723639003535945,
    0.26248490104989175,
    0.23660366291425475,
    0.21863446071618745,
    0.20810855048544266,
    0.19331415694634788,
    0.1837556569599638,
    0.17404902838066177,
    0.163685325230537,
    0.15642710439130372,
    0.14811480502371027,
    0.14530718196131268,
    0.13596742288196453
  ],
  "train_acc": [
    27.906874780778676,
    48.15854086285514,
    55.335847071203084,
    61.2109786039986,
    65.82339529989477,
    70.37004559803577,
    75.0789196773062,
    78.34970185899684,
    80.91459137144861,
    83.25587513153279,
    86.14521220624343,
    87.44738688179586,
    88.88109435285864,
    89.99035426166257,
    91.00315678709225,
    91.9677306208348,
    92.17818309365136,
    92.92792002806033,
    93.34005612065941,
    93.60750613819712,
    94.08540862855139,
    94.35285864608909,
    94.66415292879691,
    94.75184145913714,
    95.06752016836198
  ],
  "val_loss": [
    1.5707525320542164,
    1.2119888434043298,
    1.1563396331591485,
    1.1288060958568866,
    1.1396495776298718,
    1.1743525266647339,
    1.2241177130968144,
    1.3080976009368896,
    1.3310915812467918,
    1.3776073089012733,
    1.4374228440798247,
    1.5074583383706899,
    1.55185211621798,
    1.5555793688847468,
    1.587114312709906,
    1.6256452829409869,
    1.6440811982521644,
    1.6613570574002388,
    1.6709975370993981,
    1.7099244136076708,
    1.7193927061863434,
    1.7090434294480543,
    1.7181596969946837,
    1.7253193182822986,
    1.7478156915077796
  ],
  "val_acc": [
    40.86351544915081,
    44.50583179864948,
    44.91508082668304,
    45.11970534069982,
    44.17843257622263,
    45.18109269490485,
    44.89461837528136,
    45.0378555350931,
    44.751381215469614,
    45.67219152854512,
    43.93288315940249,
    43.95334561080418,
    44.751381215469614,
    44.628606507059544,
    44.40351954164109,
    45.65172907714344,
    44.89461837528136,
    44.09658277061592,
    44.812768569674645,
    43.95334561080418,
    44.751381215469614,
    44.46490689584612,
    44.52629425005116,
    44.935543278084715,
    44.301207284632696
  ]
}